INSERT INTO projects (id, project_code, year, project_type, item_no, name, division, department) VALUES
  (1, 'I2568Y001', 2568, 'Y', '1', 'โครงการพัฒนาระบบสารสนเทศ',    'กองแผน',    'ฝ่ายเทคโนโลยี'),
  (2, 'I2570Y001', 2570, 'Y', '2', 'โครงการก่อสร้างอาคาร',          'กองพัฒนา',  'ฝ่ายโยธา'),
  (3, 'I2570C001', 2570, 'C', '3', 'แผนงานปรับปรุงระบบน้ำ',         'กองบริหาร', 'ฝ่ายสาธารณูปโภค'),
  (4, 'I2570L001', 2570, 'L', '4', 'สัญญาเช่าอุปกรณ์สำนักงาน',    'กองแผน',    'ฝ่ายบริหาร')
ON CONFLICT (project_code) DO NOTHING;

INSERT INTO sub_jobs (project_id, name, sort_order, fund_type, budget, target, data_year) VALUES
  (1, 'หมวดค่าวัสดุ', 1, 'ลงทุน',  3000000,  2000000, 2568),
  (1, 'หมวดค่าจ้าง',  2, 'ผูกพัน', 1500000,  1200000, 2568),
  (1, 'หมวดค่าวัสดุ', 1, 'ลงทุน',  4000000,  2500000, 2569),
  (1, 'หมวดค่าจ้าง',  2, 'ผูกพัน', 1800000,  1400000, 2569),
  (1, 'หมวดค่าวัสดุ', 1, 'ลงทุน',  5000000,  3200000, 2570),
  (1, 'หมวดค่าจ้าง',  2, 'ผูกพัน', 2000000,  1500000, 2570),
  (2, 'หมวดก่อสร้าง', 1, 'ลงทุน',  15000000, 8000000, 2570),
  (2, 'หมวดออกแบบ',   2, 'ลงทุน',  1500000,  1500000, 2570),
  (3, 'หมวดค่าวัสดุ', 1, 'ผูกพัน', 3000000,  1000000, 2570),
  (4, 'ค่าเช่า',       1, 'ผูกพัน', 800000,   400000,  2570)
ON CONFLICT DO NOTHING;

INSERT INTO budget_sources (project_id, source, fund_type, budget, target, data_year) VALUES
  (1, 'เงินกู้',           'ลงทุน',  2000000,  1400000, 2568),
  (1, 'เงินรายได้ กฟภ.',   'ลงทุน',  1500000,  1000000, 2568),
  (1, 'เงินสมทบผู้ใช้ไฟ', 'ผูกพัน', 1000000,  800000,  2568),
  (1, 'เงินกู้',           'ลงทุน',  3000000,  2000000, 2569),
  (1, 'เงินรายได้ กฟภ.',   'ลงทุน',  1800000,  1200000, 2569),
  (1, 'เงินสมทบผู้ใช้ไฟ', 'ผูกพัน', 1000000,  700000,  2569),
  (1, 'เงินกู้',           'ลงทุน',  4000000,  2800000, 2570),
  (1, 'เงินรายได้ กฟภ.',   'ลงทุน',  2000000,  1200000, 2570),
  (1, 'เงินสมทบผู้ใช้ไฟ', 'ผูกพัน', 1000000,  700000,  2570),
  (2, 'เงินกู้',           'ลงทุน',  10000000, 5500000, 2570),
  (2, 'เงินรายได้ กฟภ.',   'ลงทุน',  5000000,  2500000, 2570),
  (2, 'เงินสมทบผู้ใช้ไฟ', 'ลงทุน',  2000000,  1500000, 2570),
  (3, 'เงินกู้',           'ผูกพัน', 2000000,  700000,  2570),
  (3, 'เงินรายได้ กฟภ.',   'ผูกพัน', 700000,   200000,  2570),
  (3, 'เงินสมทบผู้ใช้ไฟ', 'ผูกพัน', 300000,   100000,  2570),
  (4, 'เงินกู้',           'ผูกพัน', 500000,   250000,  2570),
  (4, 'เงินรายได้ กฟภ.',   'ผูกพัน', 200000,   100000,  2570),
  (4, 'เงินสมทบผู้ใช้ไฟ', 'ผูกพัน', 100000,   50000,   2570)
ON CONFLICT DO NOTHING;

INSERT INTO tag_categories (id, name) VALUES (1,'SO'),(2,'ประเภทงาน')
ON CONFLICT (name) DO NOTHING;

INSERT INTO tag_values (id, category_id, code) VALUES
  (1,1,'SO1'),(2,1,'SO2'),(3,2,'IT'),(4,2,'Civil')
ON CONFLICT (category_id, code) DO NOTHING;

SELECT setval('projects_id_seq',      (SELECT MAX(id) FROM projects));
SELECT setval('tag_categories_id_seq',(SELECT MAX(id) FROM tag_categories));
SELECT setval('tag_values_id_seq',    (SELECT MAX(id) FROM tag_values));
